Код,Продукт,Тип,Изготовитель,Объем,Материал,Вес
1234567890,Чайок,ПЭТ,Пепси,1000,Пластик,25
1234567891,Чайок,ПЭТ,Пепси,1001,Пластик,26
1234567892,Чайок,ПЭТ,Пепси,1002,Пластик,27
1234567893,Чайок,ПЭТ,Пепси,1003,Пластик,28
1234567894,Чайок,ПЭТ,Пепси,1004,Пластик,29
1234567895,Чайок,ПЭТ,Пепси,1005,Пластик,30
1234567896,Чайок,ПЭТ,Пепси,1006,Пластик,31
1234567897,Чайок,ПЭТ,Пепси,1007,Пластик,32
1234567898,Чайок,ПЭТ,Пепси,1008,Пластик,33
1234567899,Чайок,ПЭТ,Пепси,1009,Пластик,34
1234567900,Чайок,ПЭТ,Пепси,1010,Пластик,35
1234567901,Чайок,ПЭТ,Пепси,1011,Пластик,36
1234567902,Чайок,ПЭТ,Пепси,1012,Пластик,37
1234567903,Чайок,ПЭТ,Пепси,1013,Пластик,38
1234567904,Чайок,ПЭТ,Пепси,1014,Пластик,39
1234567905,Чайок,ПЭТ,Пепси,1015,Пластик,40
1234567906,Чайок,ПЭТ,Пепси,1016,Пластик,41
1234567907,Чайок,ПЭТ,Пепси,1017,Пластик,42
1234567908,Чайок,ПЭТ,Пепси,1018,Пластик,43
1234567909,Чайок,ПЭТ,Пепси,1019,Пластик,44
1234567910,Чайок,ПЭТ,Пепси,1020,Пластик,45
1234567911,Чайок,ПЭТ,Пепси,1021,Пластик,46
1234567912,Чайок,ПЭТ,Пепси,1022,Пластик,47
1234567913,Чайок,ПЭТ,Пепси,1023,Пластик,48
1234567914,Чайок,ПЭТ,Пепси,1024,Пластик,49
1234567915,Чайок,ПЭТ,Пепси,1025,Пластик,50
1234567916,Чайок,ПЭТ,Пепси,1026,Пластик,51
1234567917,Чайок,ПЭТ,Пепси,1027,Пластик,52
1234567918,Чайок,ПЭТ,Пепси,1028,Пластик,53
1234567919,Чайок,ПЭТ,Пепси,1029,Пластик,54
1234567920,Чайок,ПЭТ,Пепси,1030,Пластик,55
1234567921,Чайок,ПЭТ,Пепси,1031,Пластик,56
1234567922,Чайок,ПЭТ,Пепси,1032,Пластик,57
1234567923,Чайок,ПЭТ,Пепси,1033,Пластик,58
1234567924,Чайок,ПЭТ,Пепси,1034,Пластик,59
1234567925,Чайок,ПЭТ,Пепси,1035,Пластик,60
1234567926,Чайок,ПЭТ,Пепси,1036,Пластик,61
1234567927,Чайок,ПЭТ,Пепси,1037,Пластик,62
1234567928,Чайок,ПЭТ,Пепси,1038,Пластик,63
1234567929,Чайок,ПЭТ,Пепси,1039,Пластик,64
1234567930,Чайок,ПЭТ,Пепси,1040,Пластик,65
1234567931,Чайок,ПЭТ,Пепси,1041,Пластик,66
1234567932,Чайок,ПЭТ,Пепси,1042,Пластик,67
1234567933,Чайок,ПЭТ,Пепси,1043,Пластик,68
1234567934,Чайок,ПЭТ,Пепси,1044,Пластик,69
1234567935,Чайок,ПЭТ,Пепси,1045,Пластик,70
1234567936,Чайок,ПЭТ,Пепси,1046,Пластик,71
1234567937,Чайок,ПЭТ,Пепси,1047,Пластик,72
1234567938,Чайок,ПЭТ,Пепси,1048,Пластик,73
1234567939,Чайок,ПЭТ,Пепси,1049,Пластик,74
1234567940,Чайок,ПЭТ,Пепси,1050,Пластик,75
1234567941,Чайок,ПЭТ,Пепси,1051,Пластик,76
1234567942,Чайок,ПЭТ,Пепси,1052,Пластик,77
1234567943,Чайок,ПЭТ,Пепси,1053,Пластик,78
1234567944,Чайок,ПЭТ,Пепси,1054,Пластик,79
1234567945,Чайок,ПЭТ,Пепси,1055,Пластик,80
1234567946,Чайок,ПЭТ,Пепси,1056,Пластик,81
1234567947,Чайок,ПЭТ,Пепси,1057,Пластик,82
1234567948,Чайок,ПЭТ,Пепси,1058,Пластик,83
1234567949,Чайок,ПЭТ,Пепси,1059,Пластик,84
1234567950,Чайок,ПЭТ,Пепси,1060,Пластик,85
1234567951,Чайок,ПЭТ,Пепси,1061,Пластик,86
1234567952,Чайок,ПЭТ,Пепси,1062,Пластик,87
1234567953,Чайок,ПЭТ,Пепси,1063,Пластик,88
1234567954,Чайок,ПЭТ,Пепси,1064,Пластик,89
1234567955,Чайок,ПЭТ,Пепси,1065,Пластик,90
1234567956,Чайок,ПЭТ,Пепси,1066,Пластик,91
1234567957,Чайок,ПЭТ,Пепси,1067,Пластик,92
1234567958,Чайок,ПЭТ,Пепси,1068,Пластик,93
1234567959,Чайок,ПЭТ,Пепси,1069,Пластик,94
1234567960,Чайок,ПЭТ,Пепси,1070,Пластик,95
1234567961,Чайок,ПЭТ,Пепси,1071,Пластик,96
1234567962,Чайок,ПЭТ,Пепси,1072,Пластик,97
1234567963,Чайок,ПЭТ,Пепси,1073,Пластик,98
1234567964,Чайок,ПЭТ,Пепси,1074,Пластик,99
1234567965,Чайок,ПЭТ,Пепси,1075,Пластик,100
1234567966,Чайок,ПЭТ,Пепси,1076,Пластик,101
1234567967,Чайок,ПЭТ,Пепси,1077,Пластик,102
1234567968,Чайок,ПЭТ,Пепси,1078,Пластик,103
1234567969,Чайок,ПЭТ,Пепси,1079,Пластик,104
1234567970,Чайок,ПЭТ,Пепси,1080,Пластик,105
1234567971,Чайок,ПЭТ,Пепси,1081,Пластик,106
1234567972,Чайок,ПЭТ,Пепси,1082,Пластик,107
1234567973,Чайок,ПЭТ,Пепси,1083,Пластик,108
1234567974,Чайок,ПЭТ,Пепси,1084,Пластик,109
1234567975,Чайок,ПЭТ,Пепси,1085,Пластик,110
1234567976,Чайок,ПЭТ,Пепси,1086,Пластик,111
1234567977,Чайок,ПЭТ,Пепси,1087,Пластик,112
1234567978,Чайок,ПЭТ,Пепси,1088,Пластик,113
1234567979,Чайок,ПЭТ,Пепси,1089,Пластик,114
1234567980,Чайок,ПЭТ,Пепси,1090,Пластик,115
1234567981,Чайок,ПЭТ,Пепси,1091,Пластик,116
1234567982,Чайок,ПЭТ,Пепси,1092,Пластик,117
1234567983,Чайок,ПЭТ,Пепси,1093,Пластик,118
1234567984,Чайок,ПЭТ,Пепси,1094,Пластик,119
1234567985,Чайок,ПЭТ,Пепси,1095,Пластик,120
1234567986,Чайок,ПЭТ,Пепси,1096,Пластик,121
1234567987,Чайок,ПЭТ,Пепси,1097,Пластик,122
1234567988,Чайок,ПЭТ,Пепси,1098,Пластик,123
1234567989,Чайок,ПЭТ,Пепси,1099,Пластик,124
1234567990,Чайок,ПЭТ,Пепси,1100,Пластик,125
1234567991,Чайок,ПЭТ,Пепси,1101,Пластик,126
1234567992,Чайок,ПЭТ,Пепси,1102,Пластик,127
1234567993,Чайок,ПЭТ,Пепси,1103,Пластик,128
1234567994,Чайок,ПЭТ,Пепси,1104,Пластик,129
1234567995,Чайок,ПЭТ,Пепси,1105,Пластик,130
1234567996,Чайок,ПЭТ,Пепси,1106,Пластик,131
1234567997,Чайок,ПЭТ,Пепси,1107,Пластик,132
1234567998,Чайок,ПЭТ,Пепси,1108,Пластик,133
1234567999,Чайок,ПЭТ,Пепси,1109,Пластик,134
1234568000,Чайок,ПЭТ,Пепси,1110,Пластик,135
1234568001,Чайок,ПЭТ,Пепси,1111,Пластик,136
1234568002,Чайок,ПЭТ,Пепси,1112,Пластик,137
1234568003,Чайок,ПЭТ,Пепси,1113,Пластик,138
1234568004,Чайок,ПЭТ,Пепси,1114,Пластик,139
1234568005,Чайок,ПЭТ,Пепси,1115,Пластик,140
1234568006,Чайок,ПЭТ,Пепси,1116,Пластик,141
1234568007,Чайок,ПЭТ,Пепси,1117,Пластик,142
1234568008,Чайок,ПЭТ,Пепси,1118,Пластик,143
1234568009,Чайок,ПЭТ,Пепси,1119,Пластик,144
1234568010,Чайок,ПЭТ,Пепси,1120,Пластик,145
1234568011,Чайок,ПЭТ,Пепси,1121,Пластик,146
1234568012,Чайок,ПЭТ,Пепси,1122,Пластик,147
1234568013,Чайок,ПЭТ,Пепси,1123,Пластик,148
1234568014,Чайок,ПЭТ,Пепси,1124,Пластик,149
1234568015,Чайок,ПЭТ,Пепси,1125,Пластик,150
1234568016,Чайок,ПЭТ,Пепси,1126,Пластик,151
1234568017,Чайок,ПЭТ,Пепси,1127,Пластик,152
1234568018,Чайок,ПЭТ,Пепси,1128,Пластик,153
1234568019,Чайок,ПЭТ,Пепси,1129,Пластик,154
1234568020,Чайок,ПЭТ,Пепси,1130,Пластик,155
1234568021,Чайок,ПЭТ,Пепси,1131,Пластик,156
1234568022,Чайок,ПЭТ,Пепси,1132,Пластик,157
1234568023,Чайок,ПЭТ,Пепси,1133,Пластик,158
1234568024,Чайок,ПЭТ,Пепси,1134,Пластик,159
1234568025,Чайок,ПЭТ,Пепси,1135,Пластик,160
1234568026,Чайок,ПЭТ,Пепси,1136,Пластик,161
1234568027,Чайок,ПЭТ,Пепси,1137,Пластик,162
1234568028,Чайок,ПЭТ,Пепси,1138,Пластик,163
1234568029,Чайок,ПЭТ,Пепси,1139,Пластик,164
1234568030,Чайок,ПЭТ,Пепси,1140,Пластик,165
1234568031,Чайок,ПЭТ,Пепси,1141,Пластик,166
1234568032,Чайок,ПЭТ,Пепси,1142,Пластик,167
1234568033,Чайок,ПЭТ,Пепси,1143,Пластик,168
1234568034,Чайок,ПЭТ,Пепси,1144,Пластик,169
1234568035,Чайок,ПЭТ,Пепси,1145,Пластик,170
1234568036,Чайок,ПЭТ,Пепси,1146,Пластик,171
1234568037,Чайок,ПЭТ,Пепси,1147,Пластик,172
1234568038,Чайок,ПЭТ,Пепси,1148,Пластик,173
1234568039,Чайок,ПЭТ,Пепси,1149,Пластик,174
1234568040,Чайок,ПЭТ,Пепси,1150,Пластик,175
1234568041,Чайок,ПЭТ,Пепси,1151,Пластик,176
1234568042,Чайок,ПЭТ,Пепси,1152,Пластик,177
1234568043,Чайок,ПЭТ,Пепси,1153,Пластик,178
1234568044,Чайок,ПЭТ,Пепси,1154,Пластик,179
1234568045,Чайок,ПЭТ,Пепси,1155,Пластик,180
1234568046,Чайок,ПЭТ,Пепси,1156,Пластик,181
1234568047,Чайок,ПЭТ,Пепси,1157,Пластик,182
1234568048,Чайок,ПЭТ,Пепси,1158,Пластик,183
1234568049,Чайок,ПЭТ,Пепси,1159,Пластик,184
1234568050,Чайок,ПЭТ,Пепси,1160,Пластик,185
1234568051,Чайок,ПЭТ,Пепси,1161,Пластик,186
1234568052,Чайок,ПЭТ,Пепси,1162,Пластик,187
1234568053,Чайок,ПЭТ,Пепси,1163,Пластик,188
1234568054,Чайок,ПЭТ,Пепси,1164,Пластик,189
1234568055,Чайок,ПЭТ,Пепси,1165,Пластик,190
1234568056,Чайок,ПЭТ,Пепси,1166,Пластик,191
1234568057,Чайок,ПЭТ,Пепси,1167,Пластик,192
1234568058,Чайок,ПЭТ,Пепси,1168,Пластик,193
1234568059,Чайок,ПЭТ,Пепси,1169,Пластик,194
1234568060,Чайок,ПЭТ,Пепси,1170,Пластик,195
1234568061,Чайок,ПЭТ,Пепси,1171,Пластик,196
1234568062,Чайок,ПЭТ,Пепси,1172,Пластик,197
1234568063,Чайок,ПЭТ,Пепси,1173,Пластик,198
1234568064,Чайок,ПЭТ,Пепси,1174,Пластик,199
1234568065,Чайок,ПЭТ,Пепси,1175,Пластик,200
1234568066,Чайок,ПЭТ,Пепси,1176,Пластик,201
1234568067,Чайок,ПЭТ,Пепси,1177,Пластик,202
1234568068,Чайок,ПЭТ,Пепси,1178,Пластик,203
1234568069,Чайок,ПЭТ,Пепси,1179,Пластик,204
1234568070,Чайок,ПЭТ,Пепси,1180,Пластик,205
1234568071,Чайок,ПЭТ,Пепси,1181,Пластик,206
1234568072,Чайок,ПЭТ,Пепси,1182,Пластик,207
1234568073,Чайок,ПЭТ,Пепси,1183,Пластик,208
1234568074,Чайок,ПЭТ,Пепси,1184,Пластик,209
1234568075,Чайок,ПЭТ,Пепси,1185,Пластик,210
1234568076,Чайок,ПЭТ,Пепси,1186,Пластик,211
1234568077,Чайок,ПЭТ,Пепси,1187,Пластик,212
1234568078,Чайок,ПЭТ,Пепси,1188,Пластик,213
1234568079,Чайок,ПЭТ,Пепси,1189,Пластик,214
1234568080,Чайок,ПЭТ,Пепси,1190,Пластик,215
1234568081,Чайок,ПЭТ,Пепси,1191,Пластик,216
1234568082,Чайок,ПЭТ,Пепси,1192,Пластик,217
1234568083,Чайок,ПЭТ,Пепси,1193,Пластик,218
1234568084,Чайок,ПЭТ,Пепси,1194,Пластик,219
1234568085,Чайок,ПЭТ,Пепси,1195,Пластик,220
1234568086,Чайок,ПЭТ,Пепси,1196,Пластик,221
1234568087,Чайок,ПЭТ,Пепси,1197,Пластик,222
1234568088,Чайок,ПЭТ,Пепси,1198,Пластик,223
1234568089,Чайок,ПЭТ,Пепси,1199,Пластик,224
1234568090,Чайок,ПЭТ,Пепси,1200,Пластик,225
1234568091,Чайок,ПЭТ,Пепси,1201,Пластик,226
1234568092,Чайок,ПЭТ,Пепси,1202,Пластик,227
1234568093,Чайок,ПЭТ,Пепси,1203,Пластик,228
1234568094,Чайок,ПЭТ,Пепси,1204,Пластик,229
1234568095,Чайок,ПЭТ,Пепси,1205,Пластик,230
1234568096,Чайок,ПЭТ,Пепси,1206,Пластик,231
1234568097,Чайок,ПЭТ,Пепси,1207,Пластик,232
1234568098,Чайок,ПЭТ,Пепси,1208,Пластик,233
1234568099,Чайок,ПЭТ,Пепси,1209,Пластик,234
1234568100,Чайок,ПЭТ,Пепси,1210,Пластик,235
1234568101,Чайок,ПЭТ,Пепси,1211,Пластик,236
1234568102,Чайок,ПЭТ,Пепси,1212,Пластик,237
1234568103,Чайок,ПЭТ,Пепси,1213,Пластик,238
1234568104,Чайок,ПЭТ,Пепси,1214,Пластик,239
1234568105,Чайок,ПЭТ,Пепси,1215,Пластик,240
1234568106,Чайок,ПЭТ,Пепси,1216,Пластик,241
1234568107,Чайок,ПЭТ,Пепси,1217,Пластик,242
1234568108,Чайок,ПЭТ,Пепси,1218,Пластик,243
1234568109,Чайок,ПЭТ,Пепси,1219,Пластик,244
1234568110,Чайок,ПЭТ,Пепси,1220,Пластик,245
1234568111,Чайок,ПЭТ,Пепси,1221,Пластик,246
1234568112,Чайок,ПЭТ,Пепси,1222,Пластик,247
1234568113,Чайок,ПЭТ,Пепси,1223,Пластик,248
1234568114,Чайок,ПЭТ,Пепси,1224,Пластик,249
1234568115,Чайок,ПЭТ,Пепси,1225,Пластик,250
1234568116,Чайок,ПЭТ,Пепси,1226,Пластик,251
1234568117,Чайок,ПЭТ,Пепси,1227,Пластик,252
1234568118,Чайок,ПЭТ,Пепси,1228,Пластик,253
1234568119,Чайок,ПЭТ,Пепси,1229,Пластик,254
1234568120,Чайок,ПЭТ,Пепси,1230,Пластик,255
1234568121,Чайок,ПЭТ,Пепси,1231,Пластик,256
1234568122,Чайок,ПЭТ,Пепси,1232,Пластик,257
1234568123,Чайок,ПЭТ,Пепси,1233,Пластик,258
1234568124,Чайок,ПЭТ,Пепси,1234,Пластик,259
1234568125,Чайок,ПЭТ,Пепси,1235,Пластик,260
1234568126,Чайок,ПЭТ,Пепси,1236,Пластик,261
1234568127,Чайок,ПЭТ,Пепси,1237,Пластик,262
1234568128,Чайок,ПЭТ,Пепси,1238,Пластик,263
1234568129,Чайок,ПЭТ,Пепси,1239,Пластик,264
1234568130,Чайок,ПЭТ,Пепси,1240,Пластик,265
1234568131,Чайок,ПЭТ,Пепси,1241,Пластик,266
1234568132,Чайок,ПЭТ,Пепси,1242,Пластик,267
1234568133,Чайок,ПЭТ,Пепси,1243,Пластик,268
1234568134,Чайок,ПЭТ,Пепси,1244,Пластик,269
1234568135,Чайок,ПЭТ,Пепси,1245,Пластик,270
1234568136,Чайок,ПЭТ,Пепси,1246,Пластик,271
1234568137,Чайок,ПЭТ,Пепси,1247,Пластик,272
1234568138,Чайок,ПЭТ,Пепси,1248,Пластик,273
1234568139,Чайок,ПЭТ,Пепси,1249,Пластик,274
1234568140,Чайок,ПЭТ,Пепси,1250,Пластик,275
1234568141,Чайок,ПЭТ,Пепси,1251,Пластик,276
1234568142,Чайок,ПЭТ,Пепси,1252,Пластик,277
1234568143,Чайок,ПЭТ,Пепси,1253,Пластик,278
1234568144,Чайок,ПЭТ,Пепси,1254,Пластик,279
1234568145,Чайок,ПЭТ,Пепси,1255,Пластик,280
1234568146,Чайок,ПЭТ,Пепси,1256,Пластик,281
1234568147,Чайок,ПЭТ,Пепси,1257,Пластик,282
1234568148,Чайок,ПЭТ,Пепси,1258,Пластик,283
1234568149,Чайок,ПЭТ,Пепси,1259,Пластик,284
1234568150,Чайок,ПЭТ,Пепси,1260,Пластик,285
1234568151,Чайок,ПЭТ,Пепси,1261,Пластик,286
1234568152,Чайок,ПЭТ,Пепси,1262,Пластик,287
1234568153,Чайок,ПЭТ,Пепси,1263,Пластик,288
1234568154,Чайок,ПЭТ,Пепси,1264,Пластик,289
1234568155,Чайок,ПЭТ,Пепси,1265,Пластик,290
1234568156,Чайок,ПЭТ,Пепси,1266,Пластик,291
1234568157,Чайок,ПЭТ,Пепси,1267,Пластик,292
1234568158,Чайок,ПЭТ,Пепси,1268,Пластик,293
1234568159,Чайок,ПЭТ,Пепси,1269,Пластик,294
1234568160,Чайок,ПЭТ,Пепси,1270,Пластик,295
1234568161,Чайок,ПЭТ,Пепси,1271,Пластик,296
1234568162,Чайок,ПЭТ,Пепси,1272,Пластик,297
1234568163,Чайок,ПЭТ,Пепси,1273,Пластик,298
1234568164,Чайок,ПЭТ,Пепси,1274,Пластик,299
1234568165,Чайок,ПЭТ,Пепси,1275,Пластик,300
1234568166,Чайок,ПЭТ,Пепси,1276,Пластик,301
1234568167,Чайок,ПЭТ,Пепси,1277,Пластик,302
1234568168,Чайок,ПЭТ,Пепси,1278,Пластик,303
1234568169,Чайок,ПЭТ,Пепси,1279,Пластик,304
1234568170,Чайок,ПЭТ,Пепси,1280,Пластик,305
1234568171,Чайок,ПЭТ,Пепси,1281,Пластик,306
1234568172,Чайок,ПЭТ,Пепси,1282,Пластик,307
1234568173,Чайок,ПЭТ,Пепси,1283,Пластик,308
1234568174,Чайок,ПЭТ,Пепси,1284,Пластик,309
1234568175,Чайок,ПЭТ,Пепси,1285,Пластик,310
1234568176,Чайок,ПЭТ,Пепси,1286,Пластик,311
1234568177,Чайок,ПЭТ,Пепси,1287,Пластик,312
1234568178,Чайок,ПЭТ,Пепси,1288,Пластик,313
1234568179,Чайок,ПЭТ,Пепси,1289,Пластик,314
1234568180,Чайок,ПЭТ,Пепси,1290,Пластик,315
1234568181,Чайок,ПЭТ,Пепси,1291,Пластик,316
1234568182,Чайок,ПЭТ,Пепси,1292,Пластик,317
1234568183,Чайок,ПЭТ,Пепси,1293,Пластик,318
1234568184,Чайок,ПЭТ,Пепси,1294,Пластик,319
1234568185,Чайок,ПЭТ,Пепси,1295,Пластик,320
1234568186,Чайок,ПЭТ,Пепси,1296,Пластик,321
1234568187,Чайок,ПЭТ,Пепси,1297,Пластик,322
1234568188,Чайок,ПЭТ,Пепси,1298,Пластик,323
1234568189,Чайок,ПЭТ,Пепси,1299,Пластик,324
1234568190,Чайок,ПЭТ,Пепси,1300,Пластик,325
1234568191,Чайок,ПЭТ,Пепси,1301,Пластик,326
1234568192,Чайок,ПЭТ,Пепси,1302,Пластик,327
1234568193,Чайок,ПЭТ,Пепси,1303,Пластик,328
1234568194,Чайок,ПЭТ,Пепси,1304,Пластик,329
1234568195,Чайок,ПЭТ,Пепси,1305,Пластик,330
1234568196,Чайок,ПЭТ,Пепси,1306,Пластик,331
1234568197,Чайок,ПЭТ,Пепси,1307,Пластик,332
1234568198,Чайок,ПЭТ,Пепси,1308,Пластик,333
1234568199,Чайок,ПЭТ,Пепси,1309,Пластик,334
1234568200,Чайок,ПЭТ,Пепси,1310,Пластик,335
1234568201,Чайок,ПЭТ,Пепси,1311,Пластик,336
1234568202,Чайок,ПЭТ,Пепси,1312,Пластик,337
1234568203,Чайок,ПЭТ,Пепси,1313,Пластик,338
1234568204,Чайок,ПЭТ,Пепси,1314,Пластик,339
1234568205,Чайок,ПЭТ,Пепси,1315,Пластик,340
1234568206,Чайок,ПЭТ,Пепси,1316,Пластик,341
1234568207,Чайок,ПЭТ,Пепси,1317,Пластик,342
1234568208,Чайок,ПЭТ,Пепси,1318,Пластик,343
1234568209,Чайок,ПЭТ,Пепси,1319,Пластик,344
1234568210,Чайок,ПЭТ,Пепси,1320,Пластик,345
1234568211,Чайок,ПЭТ,Пепси,1321,Пластик,346
1234568212,Чайок,ПЭТ,Пепси,1322,Пластик,347
1234568213,Чайок,ПЭТ,Пепси,1323,Пластик,348
1234568214,Чайок,ПЭТ,Пепси,1324,Пластик,349
1234568215,Чайок,ПЭТ,Пепси,1325,Пластик,350
1234568216,Чайок,ПЭТ,Пепси,1326,Пластик,351
1234568217,Чайок,ПЭТ,Пепси,1327,Пластик,352
1234568218,Чайок,ПЭТ,Пепси,1328,Пластик,353
1234568219,Чайок,ПЭТ,Пепси,1329,Пластик,354
1234568220,Чайок,ПЭТ,Пепси,1330,Пластик,355
1234568221,Чайок,ПЭТ,Пепси,1331,Пластик,356
1234568222,Чайок,ПЭТ,Пепси,1332,Пластик,357
1234568223,Чайок,ПЭТ,Пепси,1333,Пластик,358
1234568224,Чайок,ПЭТ,Пепси,1334,Пластик,359
1234568225,Чайок,ПЭТ,Пепси,1335,Пластик,360
1234568226,Чайок,ПЭТ,Пепси,1336,Пластик,361
1234568227,Чайок,ПЭТ,Пепси,1337,Пластик,362
1234568228,Чайок,ПЭТ,Пепси,1338,Пластик,363
1234568229,Чайок,ПЭТ,Пепси,1339,Пластик,364
1234568230,Чайок,ПЭТ,Пепси,1340,Пластик,365
1234568231,Чайок,ПЭТ,Пепси,1341,Пластик,366
1234568232,Чайок,ПЭТ,Пепси,1342,Пластик,367
1234568233,Чайок,ПЭТ,Пепси,1343,Пластик,368
1234568234,Чайок,ПЭТ,Пепси,1344,Пластик,369
1234568235,Чайок,ПЭТ,Пепси,1345,Пластик,370
1234568236,Чайок,ПЭТ,Пепси,1346,Пластик,371
1234568237,Чайок,ПЭТ,Пепси,1347,Пластик,372
1234568238,Чайок,ПЭТ,Пепси,1348,Пластик,373
1234568239,Чайок,ПЭТ,Пепси,1349,Пластик,374
1234568240,Чайок,ПЭТ,Пепси,1350,Пластик,375
1234568241,Чайок,ПЭТ,Пепси,1351,Пластик,376
1234568242,Чайок,ПЭТ,Пепси,1352,Пластик,377
1234568243,Чайок,ПЭТ,Пепси,1353,Пластик,378
1234568244,Чайок,ПЭТ,Пепси,1354,Пластик,379
1234568245,Чайок,ПЭТ,Пепси,1355,Пластик,380
1234568246,Чайок,ПЭТ,Пепси,1356,Пластик,381
1234568247,Чайок,ПЭТ,Пепси,1357,Пластик,382
1234568248,Чайок,ПЭТ,Пепси,1358,Пластик,383
1234568249,Чайок,ПЭТ,Пепси,1359,Пластик,384
1234568250,Чайок,ПЭТ,Пепси,1360,Пластик,385
1234568251,Чайок,ПЭТ,Пепси,1361,Пластик,386
1234568252,Чайок,ПЭТ,Пепси,1362,Пластик,387
1234568253,Чайок,ПЭТ,Пепси,1363,Пластик,388
1234568254,Чайок,ПЭТ,Пепси,1364,Пластик,389
1234568255,Чайок,ПЭТ,Пепси,1365,Пластик,390
1234568256,Чайок,ПЭТ,Пепси,1366,Пластик,391
1234568257,Чайок,ПЭТ,Пепси,1367,Пластик,392
1234568258,Чайок,ПЭТ,Пепси,1368,Пластик,393
1234568259,Чайок,ПЭТ,Пепси,1369,Пластик,394
1234568260,Чайок,ПЭТ,Пепси,1370,Пластик,395
1234568261,Чайок,ПЭТ,Пепси,1371,Пластик,396
1234568262,Чайок,ПЭТ,Пепси,1372,Пластик,397
1234568263,Чайок,ПЭТ,Пепси,1373,Пластик,398
1234568264,Чайок,ПЭТ,Пепси,1374,Пластик,399
1234568265,Чайок,ПЭТ,Пепси,1375,Пластик,400
1234568266,Чайок,ПЭТ,Пепси,1376,Пластик,401
1234568267,Чайок,ПЭТ,Пепси,1377,Пластик,402
1234568268,Чайок,ПЭТ,Пепси,1378,Пластик,403
1234568269,Чайок,ПЭТ,Пепси,1379,Пластик,404
1234568270,Чайок,ПЭТ,Пепси,1380,Пластик,405
1234568271,Чайок,ПЭТ,Пепси,1381,Пластик,406
1234568272,Чайок,ПЭТ,Пепси,1382,Пластик,407
1234568273,Чайок,ПЭТ,Пепси,1383,Пластик,408
1234568274,Чайок,ПЭТ,Пепси,1384,Пластик,409
1234568275,Чайок,ПЭТ,Пепси,1385,Пластик,410
1234568276,Чайок,ПЭТ,Пепси,1386,Пластик,411
1234568277,Чайок,ПЭТ,Пепси,1387,Пластик,412
1234568278,Чайок,ПЭТ,Пепси,1388,Пластик,413
1234568279,Чайок,ПЭТ,Пепси,1389,Пластик,414
1234568280,Чайок,ПЭТ,Пепси,1390,Пластик,415
1234568281,Чайок,ПЭТ,Пепси,1391,Пластик,416
1234568282,Чайок,ПЭТ,Пепси,1392,Пластик,417
1234568283,Чайок,ПЭТ,Пепси,1393,Пластик,418
1234568284,Чайок,ПЭТ,Пепси,1394,Пластик,419
1234568285,Чайок,ПЭТ,Пепси,1395,Пластик,420
1234568286,Чайок,ПЭТ,Пепси,1396,Пластик,421
1234568287,Чайок,ПЭТ,Пепси,1397,Пластик,422
1234568288,Чайок,ПЭТ,Пепси,1398,Пластик,423
1234568289,Чайок,ПЭТ,Пепси,1399,Пластик,424
1234568290,Чайок,ПЭТ,Пепси,1400,Пластик,425
1234568291,Чайок,ПЭТ,Пепси,1401,Пластик,426
1234568292,Чайок,ПЭТ,Пепси,1402,Пластик,427
1234568293,Чайок,ПЭТ,Пепси,1403,Пластик,428
1234568294,Чайок,ПЭТ,Пепси,1404,Пластик,429
1234568295,Чайок,ПЭТ,Пепси,1405,Пластик,430
1234568296,Чайок,ПЭТ,Пепси,1406,Пластик,431
1234568297,Чайок,ПЭТ,Пепси,1407,Пластик,432
1234568298,Чайок,ПЭТ,Пепси,1408,Пластик,433
1234568299,Чайок,ПЭТ,Пепси,1409,Пластик,434
1234568300,Чайок,ПЭТ,Пепси,1410,Пластик,435
1234568301,Чайок,ПЭТ,Пепси,1411,Пластик,436
1234568302,Чайок,ПЭТ,Пепси,1412,Пластик,437
1234568303,Чайок,ПЭТ,Пепси,1413,Пластик,438
1234568304,Чайок,ПЭТ,Пепси,1414,Пластик,439
1234568305,Чайок,ПЭТ,Пепси,1415,Пластик,440
1234568306,Чайок,ПЭТ,Пепси,1416,Пластик,441
1234568307,Чайок,ПЭТ,Пепси,1417,Пластик,442
1234568308,Чайок,ПЭТ,Пепси,1418,Пластик,443
1234568309,Чайок,ПЭТ,Пепси,1419,Пластик,444
1234568310,Чайок,ПЭТ,Пепси,1420,Пластик,445
1234568311,Чайок,ПЭТ,Пепси,1421,Пластик,446
1234568312,Чайок,ПЭТ,Пепси,1422,Пластик,447
1234568313,Чайок,ПЭТ,Пепси,1423,Пластик,448
1234568314,Чайок,ПЭТ,Пепси,1424,Пластик,449
1234568315,Чайок,ПЭТ,Пепси,1425,Пластик,450
1234568316,Чайок,ПЭТ,Пепси,1426,Пластик,451
1234568317,Чайок,ПЭТ,Пепси,1427,Пластик,452
1234568318,Чайок,ПЭТ,Пепси,1428,Пластик,453
1234568319,Чайок,ПЭТ,Пепси,1429,Пластик,454
1234568320,Чайок,ПЭТ,Пепси,1430,Пластик,455
1234568321,Чайок,ПЭТ,Пепси,1431,Пластик,456
1234568322,Чайок,ПЭТ,Пепси,1432,Пластик,457
1234568323,Чайок,ПЭТ,Пепси,1433,Пластик,458
1234568324,Чайок,ПЭТ,Пепси,1434,Пластик,459
1234568325,Чайок,ПЭТ,Пепси,1435,Пластик,460
1234568326,Чайок,ПЭТ,Пепси,1436,Пластик,461
1234568327,Чайок,ПЭТ,Пепси,1437,Пластик,462
1234568328,Чайок,ПЭТ,Пепси,1438,Пластик,463
1234568329,Чайок,ПЭТ,Пепси,1439,Пластик,464
1234568330,Чайок,ПЭТ,Пепси,1440,Пластик,465
1234568331,Чайок,ПЭТ,Пепси,1441,Пластик,466
1234568332,Чайок,ПЭТ,Пепси,1442,Пластик,467
1234568333,Чайок,ПЭТ,Пепси,1443,Пластик,468
1234568334,Чайок,ПЭТ,Пепси,1444,Пластик,469
1234568335,Чайок,ПЭТ,Пепси,1445,Пластик,470
1234568336,Чайок,ПЭТ,Пепси,1446,Пластик,471
1234568337,Чайок,ПЭТ,Пепси,1447,Пластик,472
1234568338,Чайок,ПЭТ,Пепси,1448,Пластик,473
1234568339,Чайок,ПЭТ,Пепси,1449,Пластик,474
1234568340,Чайок,ПЭТ,Пепси,1450,Пластик,475
1234568341,Чайок,ПЭТ,Пепси,1451,Пластик,476
1234568342,Чайок,ПЭТ,Пепси,1452,Пластик,477
1234568343,Чайок,ПЭТ,Пепси,1453,Пластик,478
1234568344,Чайок,ПЭТ,Пепси,1454,Пластик,479
1234568345,Чайок,ПЭТ,Пепси,1455,Пластик,480
1234568346,Чайок,ПЭТ,Пепси,1456,Пластик,481
1234568347,Чайок,ПЭТ,Пепси,1457,Пластик,482
1234568348,Чайок,ПЭТ,Пепси,1458,Пластик,483
1234568349,Чайок,ПЭТ,Пепси,1459,Пластик,484
1234568350,Чайок,ПЭТ,Пепси,1460,Пластик,485
1234568351,Чайок,ПЭТ,Пепси,1461,Пластик,486
1234568352,Чайок,ПЭТ,Пепси,1462,Пластик,487
1234568353,Чайок,ПЭТ,Пепси,1463,Пластик,488
1234568354,Чайок,ПЭТ,Пепси,1464,Пластик,489
1234568355,Чайок,ПЭТ,Пепси,1465,Пластик,490
1234568356,Чайок,ПЭТ,Пепси,1466,Пластик,491
1234568357,Чайок,ПЭТ,Пепси,1467,Пластик,492
1234568358,Чайок,ПЭТ,Пепси,1468,Пластик,493
1234568359,Чайок,ПЭТ,Пепси,1469,Пластик,494
1234568360,Чайок,ПЭТ,Пепси,1470,Пластик,495
1234568361,Чайок,ПЭТ,Пепси,1471,Пластик,496
1234568362,Чайок,ПЭТ,Пепси,1472,Пластик,497
1234568363,Чайок,ПЭТ,Пепси,1473,Пластик,498
1234568364,Чайок,ПЭТ,Пепси,1474,Пластик,499
1234568365,Чайок,ПЭТ,Пепси,1475,Пластик,500
1234568366,Чайок,ПЭТ,Пепси,1476,Пластик,501
1234568367,Чайок,ПЭТ,Пепси,1477,Пластик,502
1234568368,Чайок,ПЭТ,Пепси,1478,Пластик,503
1234568369,Чайок,ПЭТ,Пепси,1479,Пластик,504
1234568370,Чайок,ПЭТ,Пепси,1480,Пластик,505
1234568371,Чайок,ПЭТ,Пепси,1481,Пластик,506
1234568372,Чайок,ПЭТ,Пепси,1482,Пластик,507
1234568373,Чайок,ПЭТ,Пепси,1483,Пластик,508
1234568374,Чайок,ПЭТ,Пепси,1484,Пластик,509
1234568375,Чайок,ПЭТ,Пепси,1485,Пластик,510
1234568376,Чайок,ПЭТ,Пепси,1486,Пластик,511
1234568377,Чайок,ПЭТ,Пепси,1487,Пластик,512
1234568378,Чайок,ПЭТ,Пепси,1488,Пластик,513
1234568379,Чайок,ПЭТ,Пепси,1489,Пластик,514
1234568380,Чайок,ПЭТ,Пепси,1490,Пластик,515
1234568381,Чайок,ПЭТ,Пепси,1491,Пластик,516
1234568382,Чайок,ПЭТ,Пепси,1492,Пластик,517
1234568383,Чайок,ПЭТ,Пепси,1493,Пластик,518
1234568384,Чайок,ПЭТ,Пепси,1494,Пластик,519
1234568385,Чайок,ПЭТ,Пепси,1495,Пластик,520
1234568386,Чайок,ПЭТ,Пепси,1496,Пластик,521
1234568387,Чайок,ПЭТ,Пепси,1497,Пластик,522
1234568388,Чайок,ПЭТ,Пепси,1498,Пластик,523
1234568389,Чайок,ПЭТ,Пепси,1499,Пластик,524
1234568390,Чайок,ПЭТ,Пепси,1500,Пластик,525
1234568391,Чайок,ПЭТ,Пепси,1501,Пластик,526
1234568392,Чайок,ПЭТ,Пепси,1502,Пластик,527
1234568393,Чайок,ПЭТ,Пепси,1503,Пластик,528
1234568394,Чайок,ПЭТ,Пепси,1504,Пластик,529
1234568395,Чайок,ПЭТ,Пепси,1505,Пластик,530
1234568396,Чайок,ПЭТ,Пепси,1506,Пластик,531
1234568397,Чайок,ПЭТ,Пепси,1507,Пластик,532
1234568398,Чайок,ПЭТ,Пепси,1508,Пластик,533
1234568399,Чайок,ПЭТ,Пепси,1509,Пластик,534
1234568400,Чайок,ПЭТ,Пепси,1510,Пластик,535
1234568401,Чайок,ПЭТ,Пепси,1511,Пластик,536
1234568402,Чайок,ПЭТ,Пепси,1512,Пластик,537
1234568403,Чайок,ПЭТ,Пепси,1513,Пластик,538
1234568404,Чайок,ПЭТ,Пепси,1514,Пластик,539
1234568405,Чайок,ПЭТ,Пепси,1515,Пластик,540
1234568406,Чайок,ПЭТ,Пепси,1516,Пластик,541
1234568407,Чайок,ПЭТ,Пепси,1517,Пластик,542
1234568408,Чайок,ПЭТ,Пепси,1518,Пластик,543
1234568409,Чайок,ПЭТ,Пепси,1519,Пластик,544
1234568410,Чайок,ПЭТ,Пепси,1520,Пластик,545
1234568411,Чайок,ПЭТ,Пепси,1521,Пластик,546
1234568412,Чайок,ПЭТ,Пепси,1522,Пластик,547
1234568413,Чайок,ПЭТ,Пепси,1523,Пластик,548
1234568414,Чайок,ПЭТ,Пепси,1524,Пластик,549
1234568415,Чайок,ПЭТ,Пепси,1525,Пластик,550
1234568416,Чайок,ПЭТ,Пепси,1526,Пластик,551
1234568417,Чайок,ПЭТ,Пепси,1527,Пластик,552
1234568418,Чайок,ПЭТ,Пепси,1528,Пластик,553
1234568419,Чайок,ПЭТ,Пепси,1529,Пластик,554
1234568420,Чайок,ПЭТ,Пепси,1530,Пластик,555
1234568421,Чайок,ПЭТ,Пепси,1531,Пластик,556
1234568422,Чайок,ПЭТ,Пепси,1532,Пластик,557
1234568423,Чайок,ПЭТ,Пепси,1533,Пластик,558
1234568424,Чайок,ПЭТ,Пепси,1534,Пластик,559
1234568425,Чайок,ПЭТ,Пепси,1535,Пластик,560
1234568426,Чайок,ПЭТ,Пепси,1536,Пластик,561
1234568427,Чайок,ПЭТ,Пепси,1537,Пластик,562
1234568428,Чайок,ПЭТ,Пепси,1538,Пластик,563
1234568429,Чайок,ПЭТ,Пепси,1539,Пластик,564
1234568430,Чайок,ПЭТ,Пепси,1540,Пластик,565
1234568431,Чайок,ПЭТ,Пепси,1541,Пластик,566
1234568432,Чайок,ПЭТ,Пепси,1542,Пластик,567
1234568433,Чайок,ПЭТ,Пепси,1543,Пластик,568
1234568434,Чайок,ПЭТ,Пепси,1544,Пластик,569
1234568435,Чайок,ПЭТ,Пепси,1545,Пластик,570
1234568436,Чайок,ПЭТ,Пепси,1546,Пластик,571
1234568437,Чайок,ПЭТ,Пепси,1547,Пластик,572
1234568438,Чайок,ПЭТ,Пепси,1548,Пластик,573
1234568439,Чайок,ПЭТ,Пепси,1549,Пластик,574
1234568440,Чайок,ПЭТ,Пепси,1550,Пластик,575
1234568441,Чайок,ПЭТ,Пепси,1551,Пластик,576
1234568442,Чайок,ПЭТ,Пепси,1552,Пластик,577
1234568443,Чайок,ПЭТ,Пепси,1553,Пластик,578
1234568444,Чайок,ПЭТ,Пепси,1554,Пластик,579
1234568445,Чайок,ПЭТ,Пепси,1555,Пластик,580
1234568446,Чайок,ПЭТ,Пепси,1556,Пластик,581
1234568447,Чайок,ПЭТ,Пепси,1557,Пластик,582
1234568448,Чайок,ПЭТ,Пепси,1558,Пластик,583
1234568449,Чайок,ПЭТ,Пепси,1559,Пластик,584
1234568450,Чайок,ПЭТ,Пепси,1560,Пластик,585
1234568451,Чайок,ПЭТ,Пепси,1561,Пластик,586
1234568452,Чайок,ПЭТ,Пепси,1562,Пластик,587
1234568453,Чайок,ПЭТ,Пепси,1563,Пластик,588
1234568454,Чайок,ПЭТ,Пепси,1564,Пластик,589
1234568455,Чайок,ПЭТ,Пепси,1565,Пластик,590
1234568456,Чайок,ПЭТ,Пепси,1566,Пластик,591
1234568457,Чайок,ПЭТ,Пепси,1567,Пластик,592
1234568458,Чайок,ПЭТ,Пепси,1568,Пластик,593
1234568459,Чайок,ПЭТ,Пепси,1569,Пластик,594
1234568460,Чайок,ПЭТ,Пепси,1570,Пластик,595
1234568461,Чайок,ПЭТ,Пепси,1571,Пластик,596
1234568462,Чайок,ПЭТ,Пепси,1572,Пластик,597
1234568463,Чайок,ПЭТ,Пепси,1573,Пластик,598
1234568464,Чайок,ПЭТ,Пепси,1574,Пластик,599
1234568465,Чайок,ПЭТ,Пепси,1575,Пластик,600
1234568466,Чайок,ПЭТ,Пепси,1576,Пластик,601
1234568467,Чайок,ПЭТ,Пепси,1577,Пластик,602
1234568468,Чайок,ПЭТ,Пепси,1578,Пластик,603
1234568469,Чайок,ПЭТ,Пепси,1579,Пластик,604
1234568470,Чайок,ПЭТ,Пепси,1580,Пластик,605
1234568471,Чайок,ПЭТ,Пепси,1581,Пластик,606
1234568472,Чайок,ПЭТ,Пепси,1582,Пластик,607
1234568473,Чайок,ПЭТ,Пепси,1583,Пластик,608
1234568474,Чайок,ПЭТ,Пепси,1584,Пластик,609
1234568475,Чайок,ПЭТ,Пепси,1585,Пластик,610
1234568476,Чайок,ПЭТ,Пепси,1586,Пластик,611
1234568477,Чайок,ПЭТ,Пепси,1587,Пластик,612
1234568478,Чайок,ПЭТ,Пепси,1588,Пластик,613
1234568479,Чайок,ПЭТ,Пепси,1589,Пластик,614
1234568480,Чайок,ПЭТ,Пепси,1590,Пластик,615
1234568481,Чайок,ПЭТ,Пепси,1591,Пластик,616
1234568482,Чайок,ПЭТ,Пепси,1592,Пластик,617
1234568483,Чайок,ПЭТ,Пепси,1593,Пластик,618
1234568484,Чайок,ПЭТ,Пепси,1594,Пластик,619
1234568485,Чайок,ПЭТ,Пепси,1595,Пластик,620
1234568486,Чайок,ПЭТ,Пепси,1596,Пластик,621
1234568487,Чайок,ПЭТ,Пепси,1597,Пластик,622
1234568488,Чайок,ПЭТ,Пепси,1598,Пластик,623
1234568489,Чайок,ПЭТ,Пепси,1599,Пластик,624
1234568490,Чайок,ПЭТ,Пепси,1600,Пластик,625
1234568491,Чайок,ПЭТ,Пепси,1601,Пластик,626
1234568492,Чайок,ПЭТ,Пепси,1602,Пластик,627
1234568493,Чайок,ПЭТ,Пепси,1603,Пластик,628
1234568494,Чайок,ПЭТ,Пепси,1604,Пластик,629
1234568495,Чайок,ПЭТ,Пепси,1605,Пластик,630
1234568496,Чайок,ПЭТ,Пепси,1606,Пластик,631
1234568497,Чайок,ПЭТ,Пепси,1607,Пластик,632
1234568498,Чайок,ПЭТ,Пепси,1608,Пластик,633
1234568499,Чайок,ПЭТ,Пепси,1609,Пластик,634
1234568500,Чайок,ПЭТ,Пепси,1610,Пластик,635
1234568501,Чайок,ПЭТ,Пепси,1611,Пластик,636
1234568502,Чайок,ПЭТ,Пепси,1612,Пластик,637
1234568503,Чайок,ПЭТ,Пепси,1613,Пластик,638
1234568504,Чайок,ПЭТ,Пепси,1614,Пластик,639
1234568505,Чайок,ПЭТ,Пепси,1615,Пластик,640
1234568506,Чайок,ПЭТ,Пепси,1616,Пластик,641
1234568507,Чайок,ПЭТ,Пепси,1617,Пластик,642
1234568508,Чайок,ПЭТ,Пепси,1618,Пластик,643
1234568509,Чайок,ПЭТ,Пепси,1619,Пластик,644
1234568510,Чайок,ПЭТ,Пепси,1620,Пластик,645
1234568511,Чайок,ПЭТ,Пепси,1621,Пластик,646
1234568512,Чайок,ПЭТ,Пепси,1622,Пластик,647
1234568513,Чайок,ПЭТ,Пепси,1623,Пластик,648
1234568514,Чайок,ПЭТ,Пепси,1624,Пластик,649
1234568515,Чайок,ПЭТ,Пепси,1625,Пластик,650
1234568516,Чайок,ПЭТ,Пепси,1626,Пластик,651
1234568517,Чайок,ПЭТ,Пепси,1627,Пластик,652
1234568518,Чайок,ПЭТ,Пепси,1628,Пластик,653
1234568519,Чайок,ПЭТ,Пепси,1629,Пластик,654
1234568520,Чайок,ПЭТ,Пепси,1630,Пластик,655
1234568521,Чайок,ПЭТ,Пепси,1631,Пластик,656
1234568522,Чайок,ПЭТ,Пепси,1632,Пластик,657
1234568523,Чайок,ПЭТ,Пепси,1633,Пластик,658
1234568524,Чайок,ПЭТ,Пепси,1634,Пластик,659
1234568525,Чайок,ПЭТ,Пепси,1635,Пластик,660
1234568526,Чайок,ПЭТ,Пепси,1636,Пластик,661
1234568527,Чайок,ПЭТ,Пепси,1637,Пластик,662
1234568528,Чайок,ПЭТ,Пепси,1638,Пластик,663
1234568529,Чайок,ПЭТ,Пепси,1639,Пластик,664
1234568530,Чайок,ПЭТ,Пепси,1640,Пластик,665
1234568531,Чайок,ПЭТ,Пепси,1641,Пластик,666
1234568532,Чайок,ПЭТ,Пепси,1642,Пластик,667
1234568533,Чайок,ПЭТ,Пепси,1643,Пластик,668
1234568534,Чайок,ПЭТ,Пепси,1644,Пластик,669
1234568535,Чайок,ПЭТ,Пепси,1645,Пластик,670
1234568536,Чайок,ПЭТ,Пепси,1646,Пластик,671
1234568537,Чайок,ПЭТ,Пепси,1647,Пластик,672
1234568538,Чайок,ПЭТ,Пепси,1648,Пластик,673
1234568539,Чайок,ПЭТ,Пепси,1649,Пластик,674
1234568540,Чайок,ПЭТ,Пепси,1650,Пластик,675
1234568541,Чайок,ПЭТ,Пепси,1651,Пластик,676
1234568542,Чайок,ПЭТ,Пепси,1652,Пластик,677
1234568543,Чайок,ПЭТ,Пепси,1653,Пластик,678
1234568544,Чайок,ПЭТ,Пепси,1654,Пластик,679
1234568545,Чайок,ПЭТ,Пепси,1655,Пластик,680
1234568546,Чайок,ПЭТ,Пепси,1656,Пластик,681
1234568547,Чайок,ПЭТ,Пепси,1657,Пластик,682
1234568548,Чайок,ПЭТ,Пепси,1658,Пластик,683
1234568549,Чайок,ПЭТ,Пепси,1659,Пластик,684
1234568550,Чайок,ПЭТ,Пепси,1660,Пластик,685
1234568551,Чайок,ПЭТ,Пепси,1661,Пластик,686
1234568552,Чайок,ПЭТ,Пепси,1662,Пластик,687
1234568553,Чайок,ПЭТ,Пепси,1663,Пластик,688
1234568554,Чайок,ПЭТ,Пепси,1664,Пластик,689
1234568555,Чайок,ПЭТ,Пепси,1665,Пластик,690
1234568556,Чайок,ПЭТ,Пепси,1666,Пластик,691
1234568557,Чайок,ПЭТ,Пепси,1667,Пластик,692
1234568558,Чайок,ПЭТ,Пепси,1668,Пластик,693
1234568559,Чайок,ПЭТ,Пепси,1669,Пластик,694
1234568560,Чайок,ПЭТ,Пепси,1670,Пластик,695
1234568561,Чайок,ПЭТ,Пепси,1671,Пластик,696
1234568562,Чайок,ПЭТ,Пепси,1672,Пластик,697
1234568563,Чайок,ПЭТ,Пепси,1673,Пластик,698
1234568564,Чайок,ПЭТ,Пепси,1674,Пластик,699
1234568565,Чайок,ПЭТ,Пепси,1675,Пластик,700
1234568566,Чайок,ПЭТ,Пепси,1676,Пластик,701
1234568567,Чайок,ПЭТ,Пепси,1677,Пластик,702
1234568568,Чайок,ПЭТ,Пепси,1678,Пластик,703
1234568569,Чайок,ПЭТ,Пепси,1679,Пластик,704
1234568570,Чайок,ПЭТ,Пепси,1680,Пластик,705
1234568571,Чайок,ПЭТ,Пепси,1681,Пластик,706
1234568572,Чайок,ПЭТ,Пепси,1682,Пластик,707
1234568573,Чайок,ПЭТ,Пепси,1683,Пластик,708
1234568574,Чайок,ПЭТ,Пепси,1684,Пластик,709
1234568575,Чайок,ПЭТ,Пепси,1685,Пластик,710
1234568576,Чайок,ПЭТ,Пепси,1686,Пластик,711
1234568577,Чайок,ПЭТ,Пепси,1687,Пластик,712
1234568578,Чайок,ПЭТ,Пепси,1688,Пластик,713
1234568579,Чайок,ПЭТ,Пепси,1689,Пластик,714
1234568580,Чайок,ПЭТ,Пепси,1690,Пластик,715
1234568581,Чайок,ПЭТ,Пепси,1691,Пластик,716
1234568582,Чайок,ПЭТ,Пепси,1692,Пластик,717
1234568583,Чайок,ПЭТ,Пепси,1693,Пластик,718
1234568584,Чайок,ПЭТ,Пепси,1694,Пластик,719
1234568585,Чайок,ПЭТ,Пепси,1695,Пластик,720
1234568586,Чайок,ПЭТ,Пепси,1696,Пластик,721
1234568587,Чайок,ПЭТ,Пепси,1697,Пластик,722
1234568588,Чайок,ПЭТ,Пепси,1698,Пластик,723
1234568589,Чайок,ПЭТ,Пепси,1699,Пластик,724
1234568590,Чайок,ПЭТ,Пепси,1700,Пластик,725
1234568591,Чайок,ПЭТ,Пепси,1701,Пластик,726
1234568592,Чайок,ПЭТ,Пепси,1702,Пластик,727
1234568593,Чайок,ПЭТ,Пепси,1703,Пластик,728
1234568594,Чайок,ПЭТ,Пепси,1704,Пластик,729
1234568595,Чайок,ПЭТ,Пепси,1705,Пластик,730
1234568596,Чайок,ПЭТ,Пепси,1706,Пластик,731
1234568597,Чайок,ПЭТ,Пепси,1707,Пластик,732
1234568598,Чайок,ПЭТ,Пепси,1708,Пластик,733
1234568599,Чайок,ПЭТ,Пепси,1709,Пластик,734
1234568600,Чайок,ПЭТ,Пепси,1710,Пластик,735
1234568601,Чайок,ПЭТ,Пепси,1711,Пластик,736
1234568602,Чайок,ПЭТ,Пепси,1712,Пластик,737
1234568603,Чайок,ПЭТ,Пепси,1713,Пластик,738
1234568604,Чайок,ПЭТ,Пепси,1714,Пластик,739
1234568605,Чайок,ПЭТ,Пепси,1715,Пластик,740
1234568606,Чайок,ПЭТ,Пепси,1716,Пластик,741
1234568607,Чайок,ПЭТ,Пепси,1717,Пластик,742
1234568608,Чайок,ПЭТ,Пепси,1718,Пластик,743
1234568609,Чайок,ПЭТ,Пепси,1719,Пластик,744
1234568610,Чайок,ПЭТ,Пепси,1720,Пластик,745
1234568611,Чайок,ПЭТ,Пепси,1721,Пластик,746
1234568612,Чайок,ПЭТ,Пепси,1722,Пластик,747
1234568613,Чайок,ПЭТ,Пепси,1723,Пластик,748
1234568614,Чайок,ПЭТ,Пепси,1724,Пластик,749
1234568615,Чайок,ПЭТ,Пепси,1725,Пластик,750
1234568616,Чайок,ПЭТ,Пепси,1726,Пластик,751
1234568617,Чайок,ПЭТ,Пепси,1727,Пластик,752
1234568618,Чайок,ПЭТ,Пепси,1728,Пластик,753
1234568619,Чайок,ПЭТ,Пепси,1729,Пластик,754
1234568620,Чайок,ПЭТ,Пепси,1730,Пластик,755
1234568621,Чайок,ПЭТ,Пепси,1731,Пластик,756
1234568622,Чайок,ПЭТ,Пепси,1732,Пластик,757
1234568623,Чайок,ПЭТ,Пепси,1733,Пластик,758
1234568624,Чайок,ПЭТ,Пепси,1734,Пластик,759
1234568625,Чайок,ПЭТ,Пепси,1735,Пластик,760
1234568626,Чайок,ПЭТ,Пепси,1736,Пластик,761
1234568627,Чайок,ПЭТ,Пепси,1737,Пластик,762
1234568628,Чайок,ПЭТ,Пепси,1738,Пластик,763
1234568629,Чайок,ПЭТ,Пепси,1739,Пластик,764
1234568630,Чайок,ПЭТ,Пепси,1740,Пластик,765
1234568631,Чайок,ПЭТ,Пепси,1741,Пластик,766
1234568632,Чайок,ПЭТ,Пепси,1742,Пластик,767
1234568633,Чайок,ПЭТ,Пепси,1743,Пластик,768
1234568634,Чайок,ПЭТ,Пепси,1744,Пластик,769
1234568635,Чайок,ПЭТ,Пепси,1745,Пластик,770
1234568636,Чайок,ПЭТ,Пепси,1746,Пластик,771
1234568637,Чайок,ПЭТ,Пепси,1747,Пластик,772
1234568638,Чайок,ПЭТ,Пепси,1748,Пластик,773
1234568639,Чайок,ПЭТ,Пепси,1749,Пластик,774
1234568640,Чайок,ПЭТ,Пепси,1750,Пластик,775
1234568641,Чайок,ПЭТ,Пепси,1751,Пластик,776
1234568642,Чайок,ПЭТ,Пепси,1752,Пластик,777
1234568643,Чайок,ПЭТ,Пепси,1753,Пластик,778
1234568644,Чайок,ПЭТ,Пепси,1754,Пластик,779
1234568645,Чайок,ПЭТ,Пепси,1755,Пластик,780
1234568646,Чайок,ПЭТ,Пепси,1756,Пластик,781
1234568647,Чайок,ПЭТ,Пепси,1757,Пластик,782
1234568648,Чайок,ПЭТ,Пепси,1758,Пластик,783
1234568649,Чайок,ПЭТ,Пепси,1759,Пластик,784
